x,y
31.444,-39.56
31.67205020391782,-39.85066965805816
31.90826018732373,-40.127220170661346
32.152289553970725,-40.39025937963427
32.40379790761182,-40.64039512680165
32.662444852000014,-40.878235253988194
32.927889990888296,-41.10438760301858
33.19979292802969,-41.31946001571754
33.47781326717719,-41.524060333909794
33.76161061208381,-41.718796399420015
34.050844566502526,-41.904276054072916
34.34517473418634,-42.08110713969319
34.644260718888304,-42.24989749810558
34.94776212436137,-42.41125497113477
35.255338554358545,-42.565787400605444
35.56664961263286,-42.71410262834236
35.881354902937304,-42.856808496170174
36.19911402902487,-42.99451284591362
36.519586594648565,-43.12782351939738
36.842432203561415,-43.257348358446194
37.16731045951638,-43.38369520488474
37.493880966266495,-43.50747190053774
37.82180332756476,-43.629286287229874
38.15073714716418,-43.74974620678588
38.48034202881773,-43.86945950103044
38.81027757627844,-43.98903401178826
39.140203393299295,-44.10907758088407
39.46977908363333,-44.23019805014256
39.7986642510335,-44.35300326138842
40.126518499252846,-44.47810105644638
40.453001432044346,-44.606099277141126
40.777772653161044,-44.737605765297396
41.10049176635589,-44.87322836273985
41.42081837538191,-45.01357491129323
41.738412083992124,-45.159253252782236
42.0529324959395,-45.31087122903154
42.36403921497707,-45.469036681865894
42.67139184485782,-45.634357453109985
42.97464998933476,-45.807441384588515
43.27347325216088,-45.98889631812618
43.56752123708921,-46.17933009554771
43.85645354787273,-46.3793505586778
44.13992978826445,-46.58956554934116
44.417613905243705,-46.8104963799166
44.6892029885691,-47.042004064170385
44.95440940112335,-47.28364533171071
45.212945587267704,-47.53497528886157
45.464523991363436,-47.79554904194689
45.70885705777178,-48.06492169729067
45.94565723085398,-48.34264836121683
46.174636954971305,-48.62828414004934
46.39550867448499,-48.92138414011215
46.607984833756284,-49.22150346772924
46.811777877146454,-49.52819722922456
47.00660024901675,-49.84102053092206
47.1921643937284,-50.159528479145706
47.368182755642664,-50.48327618021944
47.53436777912079,-50.81181874046724
47.69043190852404,-51.14471126621305
47.83608758821367,-51.481508863780846
47.97104726255091,-51.82176663949457
48.095023375897014,-52.16503969967819
48.207728372613246,-52.51088315065565
48.30887469706085,-52.85885209875092
48.398179530880526,-53.20850429065874
48.47554479930373,-53.55950044178824
48.54111275317439,-53.91163521546672
48.59504173866132,-54.26471224591411
48.63749010193336,-54.61853516735026
48.66861618915928,-54.972907613995076
48.688578346507896,-55.32763322006847
48.697534920147994,-55.682515619790266
48.69564425624842,-56.03735844738043
48.68306470097795,-56.39196533705881
48.6599546005054,-56.74613992304529
48.62647230099955,-57.09968583955977
48.582776148629236,-57.45240672082215
48.52902448956326,-57.8041062010523
48.46537566997041,-58.154587914470135
48.391988036019505,-58.503655495295504
48.30901993387934,-58.85111257774834
48.21662970971872,-59.19676279604848
48.114975709706464,-59.540409784415864
48.004216280011356,-59.88185717707036
47.884509766802225,-60.22090860823185
47.756014516247866,-60.557367712120254
47.61896792509423,-60.89107779309472
47.474051545987095,-61.22210504732682
47.32210194085271,-61.55059345966433
47.16395583236423,-61.87668709562302
47.000449943194795,-62.2005300207186
46.832420996017554,-62.52226630046686
46.660705713505635,-62.84204000038353
46.48614081833219,-63.15999518598434
46.309563033170356,-63.4762759227851
46.13180908069327,-63.791026276301515
45.95371568357408,-64.10439031204933
45.77611956448593,-64.41651209554433
45.59985744610198,-64.72753569230227
45.42576605109534,-65.03760516783886
45.254682102139164,-65.34686458766987
45.0874423219066,-65.65545801731108
44.92488343307079,-65.96352952227818
44.76784215830488,-66.271223168087
44.617155220282,-66.57868302025324
44.47365934167531,-66.88605314429265
44.33819124515793,-67.193477605721
44.211380765876704,-67.50109718888086
44.092806536670125,-67.80903600636624
43.981714141145645,-68.11741288871175
43.87734902989996,-68.42634666434253
43.77895665352973,-68.73595616168362
43.68578246263166,-69.04636020916018
43.5970719078024,-69.3576776351973
43.51207043963865,-69.67002726822008
43.43002350873705,-69.98352793665359
43.35017656569434,-70.29829846892301
43.271775061107135,-70.61445769345336
43.19406444557217,-70.93212443866982
43.116290169686074,-71.25141753299744
43.03769768404557,-71.57245580486135
42.9575324392473,-71.89535808268663
42.875039885887965,-72.2202431948984
42.78946547456424,-72.54722996992179
42.70005465587278,-72.87643723618186
42.60605288041031,-73.20798382210374
42.506705598773465,-73.54198855611251
42.401258261972565,-73.87857026573334
42.289052199790774,-74.21763917363401
42.16979368822504,-74.55831148363285
42.043275820287775,-74.89951451048965
41.90929168899143,-75.24017556896423
41.76763438734843,-75.57922197381644
41.6180970083712,-75.91558103980606
41.46047264507217,-76.2481800816929
41.29455439046379,-76.57594641423678
41.120135337558466,-76.89780735219756
40.93700857936864,-77.21269021033497
40.74496720890675,-77.51952230340889
40.543804319185206,-77.81723094617914
40.33331300321645,-78.1047434534055
40.11328635401292,-78.38098713984776
39.88351746458705,-78.64488932026579
39.643799427951244,-78.89537730941936
39.393925337117956,-79.13137842206835
39.133688285099616,-79.35181997297249
38.86288136490864,-79.55562927689165
38.58129766955748,-79.74173364858564
38.28873029205854,-79.90906040281423
37.98507626505599,-80.05677005352189
37.67082020046121,-80.18534140877958
37.346652967071655,-80.29571603505812
37.01326565799176,-80.38883600208388
36.67134936632591,-80.46564337958314
36.32159518517848,-80.52708023728229
35.964694207653885,-80.5740886449076
35.601337526856504,-80.60761067218542
35.232216235890746,-80.62858838884208
34.858021427861004,-80.6379638646039
34.47944419587167,-80.63667916919724
34.09717563302713,-80.62567637234838
33.71190683243181,-80.60589754378373
33.324328887190084,-80.57828475322952
32.93513289040635,-80.54378007041214
32.545009935185,-80.5033255650579
32.15465111463044,-80.45786330689316
31.764747521847042,-80.40833536564422
31.375990249939235,-80.35568381103741
30.989070392011406,-80.30085071279905
30.60467904116793,-80.24477814065548
30.22350699811148,-80.18840782487115
29.84602627898329,-80.13242749919146
29.472101886917834,-80.07682018954473
29.101494409414375,-80.02144770120414
28.73396443397219,-79.96617183944281
28.369272548090514,-79.91085440953391
28.00717933926864,-79.85535721675063
27.64744539500581,-79.7995420663661
27.289831302801318,-79.74327076365356
26.934097650154413,-79.68640511388604
26.580005024564354,-79.62880692233678
26.227314013530414,-79.57033799427894
25.875785204551857,-79.51086013498568
25.525179185127946,-79.45023514973015
25.175256542757957,-79.38832484378553
24.825777864941152,-79.32499102242495
24.476503739176785,-79.26009549092159
24.12719475296412,-79.19350005454861
23.777611493802432,-79.12506651857916
23.427514549190985,-79.05465668828643
23.076664506629054,-78.98213236894358
22.724821953615884,-78.90735536582376
22.37174775362132,-78.8301873997207
22.017368727890506,-78.75043938885986
21.662058346827028,-78.66778552437236
21.30626445689895,-78.58187722957933
20.950434904574323,-78.49236592780191
20.595017536321198,-78.3989030423612
20.240460198607636,-78.30113999657831
19.887210737901697,-78.1987282137744
19.535717000671443,-78.09131911727059
19.186426833384914,-77.97856413038798
18.83978808251018,-77.8601146764477
18.49624859451529,-77.73562217877088
18.15625621586831,-77.60473806067867
17.82025879303729,-77.46711374549216
17.488704172490294,-77.32240065653248
17.162040200695365,-77.17025021712077
16.84071472412057,-77.01031385057814
16.525175589233967,-76.84224298022573
16.215870642503603,-76.66568902938464
15.913247730397552,-76.48030342137602
15.617754699383852,-76.28573757952097
15.329839395930565,-76.08164292714063
15.049948339515328,-75.86767221934808
14.778304218847715,-75.64370285192582
14.51465597919196,-75.41008767827823
14.2586922612844,-75.16724007454143
14.01010170586136,-74.91557341685144
13.768572953659174,-74.65550108134434
13.533794645414185,-74.38743644415622
13.305455421862725,-74.11179288142316
13.08324392374113,-73.82898376928122
12.866848791785724,-73.53942248386647
12.655958666732852,-73.243522401315
12.450262189318838,-72.94169689776285
12.249448000280033,-72.63435934934614
12.053204740352765,-72.32192313220091
11.86122105027336,-72.00480162246326
11.673185570778159,-71.68340819626923
11.488786942603495,-71.3581562297549
11.307713806485703,-71.02945909905635
11.12965480316112,-70.69773018030966
10.95429857336608,-70.3633828496509
10.781333757836908,-70.02683048321614
10.610448997309954,-69.68848645714147
10.441347547015743,-69.34876015571884
10.274160462162737,-69.0079441127503
10.109504725082063,-68.66619813453605
9.948023617212877,-68.32367484396376
9.790360419994357,-67.98052686392123
9.637158414865663,-67.6369068172962
9.489060883265967,-67.29296732697647
9.34671110663444,-66.94886101584974
9.21075236641024,-66.60474050680381
9.081827944032538,-66.26075842272643
8.960581120940502,-65.91706738650534
8.847655178573296,-65.5738200210283
8.743693398370095,-65.23116894918309
8.649339061770057,-64.88926679385743
8.565235450212354,-64.54826617793913
8.492025845136158,-64.2083197243159
8.430353527980628,-63.86958005587554
8.380861780184933,-63.53219979550576
8.344193883188241,-63.196331566094344
8.32099311842972,-62.86212799052904
8.311902767348538,-62.52974169169762
8.317566109663836,-62.19932529204837
8.338349435653912,-61.87096063972821
8.373571575702464,-61.544461943648685
8.422303802410122,-61.21958015858033
8.48361738837752,-60.89606623929375
8.556583606205283,-60.573671140559476
8.640273728494057,-60.252145817148104
8.733759027844458,-59.931241223830206
8.836110776857133,-59.61070831537633
8.946400248132703,-59.29029804655708
9.0636987142718,-58.969761372143005
9.187077447875064,-58.64884924690465
9.31560772154312,-58.32731262561263
9.448360807876606,-58.00490246303748
9.584407979476143,-57.68136971394979
9.722820508942371,-57.35646533312014
9.86266966887593,-57.02994027531906
10.00302673187743,-56.70154549531716
10.14296297054753,-56.37103194788499
10.281549657486835,-56.038150587793126
10.417858065295999,-55.702652369812114
10.550959466575636,-55.36428824871257
10.679962222441743,-55.02286262538903
10.804237395139856,-54.67855846420791
10.923269470610329,-54.331722177891606
11.036543383496713,-53.98270082576269
11.143544068442537,-53.631841467143886
11.24375646009134,-53.27949116135777
11.336665493086667,-52.92599696772699
11.421756102072042,-52.571705945574195
11.498513221691017,-52.21696515422201
11.566421786587116,-51.86212165299311
11.624966731403884,-51.50752250121011
11.673632990784856,-51.15351475819563
11.711905499373568,-50.80044548327234
11.739269191813563,-50.448661735762855
11.75520900274837,-50.098510574989845
11.75920986682153,-49.750339060275934
11.75075671867658,-49.40449425094373
11.72933449295706,-49.06132320631591
11.694428124306501,-48.72117298571509
11.645522547368449,-48.38439064846395
11.582103171868498,-48.05132323545601
11.503902209068773,-47.72230821381603
11.411301723750904,-47.397657841962975
11.304789477177316,-47.07768027820483
11.184853230610457,-46.762683680849676
11.051980745312767,-46.452976208205506
10.906659782546697,-46.14886601858038
10.749378103574672,-45.85066127028229
10.580623469659141,-45.558670121619286
10.40088364206255,-45.2732007308994
10.210646382047326,-44.99456125643065
10.010399450875935,-44.72305985652109
9.800630609810808,-44.45900468947876
9.581827620114362,-44.202703913611614
9.354478243049074,-43.954465687227774
9.119070239877358,-43.71459816863519
8.876091371861683,-43.48340951614197
8.626029400264477,-43.2612078880561
8.369372086348159,-43.04830144268559
8.10660719137521,-42.84499833833851
7.838222476608039,-42.651606733322886
7.5646881263360255,-42.46838567107842
7.286298627821844,-42.29510324951741
7.003247379894069,-42.131245097829975
6.71572657080171,-41.97629346251588
6.423928388793718,-41.82973059007488
6.128045022119103,-41.69103872700672
5.828268659026834,-41.55970011981117
5.524791487765873,-41.43519701498796
5.217805696585233,-41.31701165903687
4.907503473733863,-41.20462629845764
4.594077007460776,-41.097523179750034
4.277718486014938,-40.9951845494138
3.9586200976453085,-40.897092653948675
3.6369740306009053,-40.802729739854435
3.3129724731306753,-40.71157805363083
2.9868076134836326,-40.62311984177762
2.6586716399087416,-40.53683735079454
2.3287567406549634,-40.452212827181356
1.9972551039713164,-40.36872851743782
1.6643589181067444,-40.2858666680637
1.3302609740666764,-40.20311145895439
0.9951778069772567,-40.12002323141792
0.6593569781175973,-40.036261845950925
0.323048140675709,-39.951493873036995
-0.013499052160396041,-39.86538588315966
-0.35003494720265016,-39.777604446802556
-0.6863098912630604,-39.68781613444923
-1.0220742311535604,-39.595687516583254
-1.3570783136861362,-39.50088516368824
-1.691072485672778,-39.40307564624772
-2.023807093925418,-39.30192553474533
-2.3550324852560616,-39.19710139966459
-2.684499006476645,-39.08826981148913
-3.011957004399153,-38.97509734070248
-3.337156825835575,-38.857250557788255
-3.6598488175978443,-38.73439603323002
-3.9797833264979663,-38.606200337511375
-4.296710699347875,-38.47233004111586
-4.610381282959558,-38.33245171452709
-4.920545424145003,-38.18623192822863
-5.226953469716145,-38.033337252704044
-5.529409302730685,-37.873519340074694
-5.828097440398589,-37.70713475931126
-6.123367291699894,-37.53480213104051
-6.415568928596967,-37.35714112952349
-6.705052423052126,-37.17477142902128
-6.992167847027758,-36.98831270379491
-7.277265272486186,-36.79838462810547
-7.560694771389791,-36.605606876213955
-7.8428064157008945,-36.41059912238148
-8.123950277381864,-36.21398104086906
-8.404476428395071,-36.01637230593775
-8.684734940702835,-35.818392591848635
-8.96507588626754,-35.62066157286274
-9.245849337051506,-35.42379892324113
-9.527405365017103,-35.22842431724485
-9.8100940421267,-35.03515742913497
-10.094265440342612,-34.84461793317253
-10.380269631627232,-34.65742550361858
-10.668456687942879,-34.474199814734206
-10.95917668125192,-34.295560540780436
-11.252779683516714,-34.1221273560183
-11.549577265674882,-33.95443217508212
-11.849613846324122,-33.792397962849
-12.152820588730343,-33.63568952884268
-12.459128247036032,-33.48397075002664
-12.76846757538367,-33.336905503364335
-13.080769327915684,-33.19415766581927
-13.395964258774569,-33.05539111435492
-13.713983122102762,-32.92026972593478
-14.03475667204274,-32.788457377522334
-14.358215662736983,-32.659617946081035
-14.68429084832792,-32.53341530857439
-15.012912982958055,-32.40951334196588
-15.344012820769805,-32.287575923218974
-15.677521115905666,-32.167266929297185
-16.01336862250811,-32.04825023716396
-16.35148609471957,-31.93018972378281
-16.69180428668254,-31.812749266117198
-17.03425395253945,-31.695592741130625
-17.378765846432785,-31.57838402578655
-17.72527072250502,-31.460786997048476
-18.073699334898592,-31.34246553187988
-18.4238668036052,-31.223056713922
-18.774974016991816,-31.102055304623715
-19.12601870766767,-30.97890899268205
-19.475998478780742,-30.85306543679691
-19.8239109334791,-30.723972295668183
-20.168753674910786,-30.59107722799574
-20.50952430622379,-30.453827892479485
-20.845220430566187,-30.3116719478193
-21.174839651085975,-30.16405705271508
-21.497379570931194,-30.010430865866706
-21.8118377932499,-29.850241045974066
-22.117211921190087,-29.682935251737064
-22.41249955789982,-29.50796114185556
-22.696698306527097,-29.32476637502947
-22.968805770219973,-29.13279860995868
-23.227819552126483,-28.931505505343054
-23.472737255394648,-28.720334719882516
-23.702556483172494,-28.49873391227691
-23.916274838608064,-28.266150741226177
-24.11288992484938,-28.022032865430173
-24.291400377777745,-27.765828809444386
-24.451217340857113,-27.497332948991136
-24.59279283254538,-27.21721234152332
-24.716740505127813,-26.926269560179286
-24.82367401088973,-26.625307178097355
-24.914207002116434,-26.315127768415863
-24.988953131093204,-25.99653390427316
-25.04852605010537,-25.670328158807568
-25.093539411438208,-25.337313105157445
-25.124606867377036,-24.9982913164611
-25.14234207020715,-24.654065365856905
-25.14735867221383,-24.30543782648317
-25.14027032568241,-23.95321127147823
-25.121690682898162,-23.59818827398045
-25.09223339614641,-23.24117140712813
-25.052512117712435,-22.882963244059646
-25.003140499881546,-22.524366357913312
-24.944732194939046,-22.166183321827454
-24.877900855170232,-21.809216708940443
-24.803260132860395,-21.454269092390568
-24.72142368029486,-21.102143045316232
-24.632997979384804,-20.75362651129145
-24.538377733536073,-20.409075346635905
-24.437716012333684,-20.068352407239402
-24.33115271135037,-19.731293670330004
-24.218827726158878,-19.397735113135838
-24.10088095233195,-19.06751271288499
-23.97745228544231,-18.740462446805534
-23.84868162106271,-18.4164202921256
-23.71470885476588,-18.09522222607325
-23.575673882124576,-17.776704225876625
-23.431716598711525,-17.46070226876379
-23.282976900099463,-17.147052331962836
-23.129594681861136,-16.83559039270188
-22.97170983956928,-16.526152428209006
-22.809462268796644,-16.21857441571233
-22.642991865115953,-15.912692332439926
-22.47243852409995,-15.60834215561989
-22.297942141321382,-15.305359862480339
-22.11964261235298,-15.003581430249348
-21.937679832767493,-14.702842836155035
-21.75219369813765,-14.402980057425484
-21.56331972809269,-14.103838743347158
-21.371090207653044,-13.805492720549971
-21.175432728701136,-13.508247216764381
-20.97627021545207,-13.212417776570515
-20.773525592120933,-12.91831994454843
-20.567121782922833,-12.626269265278244
-20.35698171207287,-12.336581283340044
-20.14302830378611,-12.049571543313888
-19.92518448227768,-11.76555558977991
-19.703373171762667,-11.48484896731817
-19.47751729645618,-11.20776722050879
-19.247539780573295,-10.93462589393184
-19.013363548329114,-10.665740532167401
-18.77491152393874,-10.401426679795591
-18.532106631617264,-10.141999881396472
-18.284871795579793,-9.887775681550165
-18.033129940041416,-9.639069624836747
-17.776803989217214,-9.396197255836292
-17.515816867322314,-9.159474119128918
-17.250091498571777,-8.929215759294694
-16.979550807180736,-8.705737720913733
-16.704118034221718,-8.489354873677032
-16.423808643057875,-8.280185658821162
-16.138857779220604,-8.077880606533736
-15.84953259741825,-7.882022069199207
-15.556100252359245,-7.692192399202085
-15.258827898751953,-7.5079739489268364
-14.957982691304759,-7.328949070757943
-14.65383178472608,-7.154700117079906
-14.346642333724265,-6.984809440277186
-14.036681493007752,-6.818859392734291
-13.724216417284884,-6.656432326835682
-13.409514261264091,-6.4971105949658625
-13.092842179653747,-6.340476549509308
-12.77446732716222,-6.186112542850491
-12.454656858497916,-6.0336009273739055
-12.133677928369252,-5.882524055464046
-11.811797691484587,-5.732464279505383
-11.48928330255232,-5.583003951882402
-11.166401916280833,-5.433725424979588
-10.843420687378487,-5.284211051181408
-10.520606770553742,-5.134043182872379
-10.198227320514949,-4.982804172436966
-9.876529421970044,-4.830107773732593
-9.55552569768269,-4.675934579193156
-9.235076957650502,-4.520502707129723
-8.915041456969382,-4.364034273246469
-8.595277450735107,-4.206751393247514
-8.275643194043512,-4.048876182837004
-7.955996941990415,-3.890630757719075
-7.636196949671605,-3.7322372335978518
-7.316101472182979,-3.573917726177509
-6.995568764620325,-3.4158943511621738
-6.674457082079467,-3.2583892242559847
-6.352624679656229,-3.1016244611630808
-6.029929812446397,-2.9458221775875875
-5.706230735545873,-2.7912044892336807
-5.38138570405044,-2.637993511805482
-5.055252973055923,-2.4864113610071334
-4.727690797658147,-2.336680152542775
-4.3985574329529,-2.1890220021165328
-4.0677111340360765,-2.043659025432578
-3.7350101560034674,-1.9008133381950374
-3.4003127539508964,-1.7607070561080507
-3.063477182974187,-1.6235622948757582
-2.7244057798318986,-1.4895468116436386
-2.3832327477614204,-1.3585424413213447
-2.0401682564256576,-1.2303373421025168
-1.695422519462387,-1.1047196179539889
-1.3492057505093862,-0.9814773728425963
-1.0017281632043913,-0.86039871073516
-0.6531999711852574,-0.7412717355985416
-0.3038313880897219,-0.6238845513995622
0.046167372444438914,-0.5080252621050565
0.3965860967794501,-0.3934819716818584
0.7472145712775715,-0.28004278409679084
1.097842582300951,-0.167495803316713
1.4482599162118508,-0.055629133308446876
1.7982563593724943,0.05576912196117234
2.1476216981451053,0.16691085852531096
2.4961457188919454,0.2780079724171459
2.8436182079751617,0.38927235966981816
3.1898289517570144,0.5009159163165053
3.5345677365997323,0.6131505383903735
3.877624348865571,0.7261881219246
4.2187885749166805,0.8402405629523254
4.5578502554846585,0.9555197185694233
4.89470022431397,1.0721651184184549
5.229539711787637,1.1900939975719411
5.562629384646661,1.3091810249854139
5.894229909631934,1.4293008696143654
6.224601953484465,1.5503282004143277
6.554006182945221,1.6721376863408197
6.8827032647551665,1.7946039963493587
7.2109538656553065,1.9176017993954781
7.539018652386537,2.0410057644346686
7.867158291689862,2.1646905604224638
8.195633450306246,2.28853085631438
8.52470479497666,2.412401321065938
8.85463299244211,2.5361766236326693
9.185678709443485,2.659731432970064
9.518102612721787,2.782940418033655
9.852165369017992,2.905678247778962
10.188127645073067,3.027819591161504
10.526250107628009,3.1492391171368097
10.866793423423713,3.2698114946603742
11.210018259201188,3.3894113926877285
11.5561852817014,3.507913480174391
11.905554583324365,3.6251919141606477
12.258221298729802,3.740973823375027
12.613888630060986,3.8546370035830373
12.97220283666801,3.9655084969284218
13.332810177900923,4.072915345554907
13.695356913109778,4.176184591606224
14.059489301644668,4.27464327722611
14.42485360285556,4.367618444558271
14.791096076092549,4.454437135746449
15.157862980705685,4.534426392934373
15.524800576045024,4.60691325826577
15.891555121460648,4.671224773884374
16.25777287630254,4.726687981933903
16.623100099920777,4.77262992455809
16.98718305166542,4.808377643900664
17.349667990886523,4.8332581821053555
17.71020117693417,4.8465985813158925
18.068428869158335,4.8477258836759995
18.423997326909113,4.835967131329411
18.776552809536547,4.81064936641985
19.1257415763907,4.771099631091049
19.471209885349634,4.716644977542401
19.81257387392233,4.646818217044286
20.14934214211261,4.561886773951917
20.4809993005035,4.462281949793839
20.80702995967801,4.348435046098599
21.126918730219227,4.220777364394729
21.440150222710066,4.079740206210799
21.746209047733625,3.925754873075345
22.0445798158729,3.7592526665169115
22.33474713771093,3.5806648880640455
22.616195623830766,3.3904228392452693
22.88840988481536,3.188957821589171
23.150874531247776,2.976701136624277
23.40307417371104,2.754084085879133
23.6444934227882,2.5215379708822567
23.874616889062217,2.2794940931622465
24.092929183116148,2.028383754247624
24.29891491553303,1.768638255666934
24.49205869689587,1.5006888989487217
24.671845137787713,1.2249669856215026
24.83775884879154,0.9419038172138827
24.989290219839106,0.6519305923114374
25.126411189427802,0.3554699320581636
25.24993006328767,0.05292956005374405
25.360738743015315,-0.25528428912886003
25.45972913020733,-0.5687653809165825
25.547793126460324,-0.8871074807364605
25.62582263337091,-1.2099043540154963
25.69470955253569,-1.5367497661806948
25.755345785551274,-1.8672374826590934
25.808623234014263,-2.2009612688776237
25.855433799521265,-2.5375148902633238
25.896669383668872,-2.8764921122431977
25.933221888053712,-3.2174867002442484
25.965983214272384,-3.560092419693515
25.99584526392149,-3.903903036017928
26.023699938597623,-4.2485123146445245
26.050439139897414,-4.59351402100031
26.07695476941746,-4.938501920512288
26.104138728754354,-5.283069778607496
26.132882919504716,-5.626811360712865
26.16407708799386,-5.969321168991903
26.19825728346069,-6.31031460989708
26.23521592275315,-6.649761285770424
26.274651499989194,-6.987662904564469
26.316262509286787,-7.324021174231649
26.359747444763922,-7.65883780272451
26.404804800538543,-7.99211449799555
26.451133070728638,-8.323852967997281
26.49843074945218,-8.654054920682238
26.54639633082714,-8.98272206400286
26.59472830897148,-9.309856105911686
26.643125178003167,-9.635458754361217
26.691285432040186,-9.959531717303966
26.738907565200517,-10.28207670269247
26.785690071602108,-10.60309541847916
26.83133144536293,-10.922589572616578
26.875530180600972,-11.240560873057236
26.91798477143419,-11.557011027753632
26.958393711980577,-11.871941744658308
26.996455496358074,-12.185354731723695
27.03186861867349,-12.497251697293427
27.0643287780698,-12.807732046695998
27.0935210219195,-13.117267514186128
27.119127860494018,-13.426418517501952
27.14083180406474,-13.735745474381481
27.15831536290311,-14.045808802562846
27.17126104728053,-14.357168919784137
27.17935136746842,-14.67038624378344
27.18226883373821,-14.986021192298889
27.179695956361297,-15.304634183068497
27.17131524560911,-15.626785633830393
27.156809211753064,-15.95303596232267
27.135860365064584,-16.283945586283412
27.108151215815063,-16.620074923450748
27.073364274275946,-16.961984391562705
27.031182050718634,-17.310234408357395
26.981287055414562,-17.665385391572926
26.923361798635128,-18.027997758947375
26.857088790651744,-18.398631928218872
26.782150541735856,-18.777848317125443
26.69822956215885,-19.166207343405198
26.60503113000926,-19.56414752522911
26.502596259778972,-19.970309838119416
26.391221914232855,-20.381964902963222
26.271211497089336,-20.79634885559162
26.14286841206684,-21.210697831835652
26.006496062883784,-21.62224796752636
25.86239785325858,-22.02823539849482
25.710877186909688,-22.425896260571992
25.552237467555507,-22.812466689588952
25.386782098914473,-23.185182821376756
25.214814484705002,-23.541280791766432
25.036638028645505,-23.877996736589076
24.85255613445444,-24.192566791675628
24.66287220585021,-24.48222709285718
24.467889646551246,-24.744213775964774
24.267911860275973,-24.975762976829454
24.063242250742785,-25.17411083128227
23.854184221670156,-25.336493475154224
23.64104117677649,-25.460147044276386
23.424116519780213,-25.5423076744798
23.203720837881235,-25.5802715135035
22.980435427002377,-25.57359625134587
22.755188375890114,-25.52473673853041
22.52893046682702,-25.43633741086808
22.302612482095704,-25.311042704169825
22.07718520397876,-25.1514970542466
21.85359941475876,-24.960344896909326
21.632805896718356,-24.740230667968994
21.415755432140116,-24.493798803236537
21.203398803306655,-24.223693738522915
20.996686792500554,-23.932559909639057
20.796570182004405,-23.623041752395892
20.60399975410084,-23.297783702604438
20.419926291072443,-22.9594301960756
20.245300575201817,-22.610625668620347
20.08107338877155,-22.25401455604961
19.92819551406423,-21.89224129417431
19.787617733362495,-21.527950318805473
19.660290828948916,-21.163786065754003
19.547165583106107,-20.80239297083086
19.44917306354168,-20.44638560556481
19.366382373355496,-20.09707280933975
19.29768424195747,-19.753978382581224
19.241884456557973,-19.416497452496117
19.197788804367374,-19.08402514629132
19.164203072596052,-18.75595659117376
19.139933048454374,-18.431686914350305
19.12378451915273,-18.110611243027932
19.11456327190149,-17.792124704413528
19.11107509391102,-17.475622425713997
19.112125772391707,-17.160499534136253
19.116521094553928,-16.846151156887174
19.12306684760805,-16.53197242117373
19.130568818764452,-16.217358454202813
19.137832795233514,-15.90170438318132
19.143664564225602,-15.584405335316168
19.146869912951104,-15.264856437814233
19.146254628620383,-14.942452817882495
19.14062449844382,-14.61658960272783
19.128785309631795,-14.286661919557151
19.10954897218898,-13.952072068507333
19.082152124753797,-13.612719924614945
19.04652502494419,-13.269317946214738
19.00266192062126,-12.922653557010628
18.950557059646076,-12.573514180706516
18.890204689879738,-12.222687241006284
18.82159905918333,-11.870960161613912
18.74473441541795,-11.519120366233272
18.659605006444668,-11.167955278568273
18.566205080124586,-10.818252322322834
18.464528884318778,-10.470798921200817
18.35457066688835,-10.126382498906215
18.236324675694384,-9.7857904791429
18.10978515859796,-9.449810285614776
17.974946363460177,-9.119229342025761
17.831802538142103,-8.794835072079724
17.680347930504855,-8.47741489948065
17.520576788409507,-8.167756247932411
17.352483359717148,-7.86664654113892
17.176061892288864,-7.574873202804085
16.99130944089444,-7.293211585580357
16.79827631677711,-7.022208013785642
16.59706047577514,-6.7622039171666675
16.38776155389565,-6.5135334999397765
16.170479187145748,-6.276530966321314
15.945313011532532,-6.0515305205276055
15.712362663063168,-5.838866366775046
15.471727777744748,-5.638872709279957
15.223507991584393,-5.451883752258682
14.967802940589207,-5.278233699927569
14.704712260766287,-5.118256756502946
14.434335588122808,-4.9722871262011985
14.156772558665853,-4.84065901323865
13.87212280840254,-4.7237066218316475
13.580485973339986,-4.621764156196539
13.281961689485277,-4.535165820549662
12.976649592845588,-4.46424581910738
12.664649319428012,-4.40933835608603
12.346060505239658,-4.370777635701958
12.020982786287645,-4.34889786217151
11.689515798579057,-4.344033239711034
11.351810462851098,-4.356348253174959
11.008320480882618,-4.385005377556681
10.659610280001392,-4.428800657734849
10.306244452152729,-4.4865295938103
9.948787589281908,-4.556987685883881
9.587804283334316,-4.638970434056411
9.223859126255231,-4.7312733384287355
8.85751670998996,-4.83269189910169
8.489341626483824,-4.942021616176113
8.119898467682091,-5.0580579897528555
7.749751825530155,-5.179596519932725
7.379466291973291,-5.305432706816575
7.009606458956808,-5.434362050505241
6.640736918426022,-5.565180051099558
6.273422262326206,-5.69668220870038
5.9082270826027505,-5.827664023408513
5.545715971200931,-5.9569209953248095
5.1864535200660615,-6.083248624550107
4.8310043211434515,-6.205442411185241
4.479932966378378,-6.322297855331063
4.133756064115462,-6.4327262304209825
3.7925146668256766,-6.53678621624048
3.455978036123632,-6.635192261060747
3.1239122457680586,-6.728666504712032
2.7960833695176466,-6.817931087024591
2.4722574811311997,-6.903708147828659
2.1522006543674084,-6.986719826954489
1.835678962985003,-7.067688264232336
1.5224584807426758,-7.147335599492456
1.2123052813992263,-7.226383972565079
0.9049854387133485,-7.305555523280465
0.6002650264437701,-7.385572391468862
0.29791011834921993,-7.467156716960522
-0.0023132118116055422,-7.551030639585701
-0.3006388902799112,-7.63791629917463
-0.5973008432970024,-7.728535835557569
-0.8925329971041496,-7.823611388564764
-1.186569277942625,-7.923865098026469
-1.479643612053732,-8.030019103772942
-1.7719899256786764,-8.142795545634412
-2.0638421450587616,-8.262916563441134
-2.35543290071473,-8.391093429958364
-2.646948352019712,-8.527647669568442
-2.9385164547028295,-8.672412659118882
-3.2302614849333278,-8.825190915395645
-3.522307718880549,-8.985784955184744
-3.814779432713803,-9.153997295272166
-4.107800902602399,-9.329630452443904
-4.401496404715678,-9.512486943485971
-4.695990215222886,-9.702369285184318
-4.991406610293367,-9.89907999432496
-5.287869866096427,-10.102421587693884
-5.585504258801377,-10.312196582077085
-5.884434064577561,-10.528207494260577
-6.184783559594225,-10.750256841030314
-6.486677020020707,-10.978147139172298
-6.7902387220263165,-11.211680905472527
-7.0955929417803665,-11.450660656716993
-7.4028639554522,-11.694888909691716
-7.712176039211056,-11.944168181182631
-8.023653469226282,-12.198300987975761
-8.337420521667186,-12.457089846857096
-8.653568665956648,-12.72033426313873
-8.971343861906554,-12.987756129129309
-9.289092712275643,-13.258994781243086
-9.605118230717247,-13.53368555466088
-9.917723430884632,-13.811463784563475
-10.225211326431081,-14.091964806131664
-10.525884931009909,-14.374823954546265
-10.818047258274323,-14.659676564988006
-11.100001321877642,-14.946157972637703
-11.370050135473141,-15.233903512676147
-11.6264967127141,-15.522548520284124
-11.867644067253828,-15.811728330642454
-12.091795212745547,-16.101078278931862
-12.29725316284257,-16.39023370033318
-12.482320931198162,-16.678829930027174
-12.645301531465616,-16.96650230319465
-12.784497977298221,-17.25288615501642
-12.898213282349227,-17.53761682067321
-12.984750460271925,-17.820329635345843
-13.042412524719603,-18.100659934215106
-13.06950248934553,-18.378243052461784
-13.064351340886123,-18.65271557188268
-13.02659142008494,-18.923772068907855
-12.957680913307081,-19.191188488485814
-12.859214663821348,-19.45474686565807
-12.73278751489654,-19.714229235466206
-12.579994309801487,-19.9694176329517
-12.402429891804974,-20.220094093156106
-12.20168910417582,-20.46604065112097
-11.97936679018282,-20.70703934188783
-11.737057793094758,-20.94287220049824
-11.476356956180489,-21.173321261993685
-11.198859122708797,-21.398168561415737
-10.906159135948482,-21.61719613380592
-10.599851839168357,-21.83018601420578
-10.281532075637184,-22.036920237656865
-9.952794688623847,-22.23718083920068
-9.615234521397106,-22.43074985387877
-9.270446417225777,-22.617409316732672
-8.920025219378662,-22.79694126280394
-8.565565771124525,-22.969127727134115
-8.208662915732255,-23.133750744764697
-7.850909612097569,-23.29059310924437
-7.493467977878762,-23.439611038461237
-7.136522993079996,-23.581154072570296
-6.780124928894363,-23.715625975381453
-6.4243240565150765,-23.84343051070459
-6.069170647135222,-23.964971442349583
-5.714714971947928,-24.080652534126347
-5.361007302146325,-24.19087754984475
-5.008097908923505,-24.296050253314718
-4.656037063472673,-24.39657440834611
-4.304875036986919,-24.49285377874881
-3.9546621006593767,-24.585292128332735
-3.6054485256831694,-24.674293220907757
-3.2572845832513915,-24.760260820283797
-2.9102205445572498,-24.843598690270706
-2.5643066807938326,-24.924710594678388
-2.21959326315427,-25.004000297316743
-1.876130562831693,-25.081871561995655
-1.533968851019191,-25.15872815252502
-1.1931583989099703,-25.234973832714722
-0.8537494776971217,-25.31101236637465
-0.5157920221462429,-25.38724680151996
-0.1793082904450891,-25.46402130053072
0.15572733029395436,-25.54157817364732
0.4893452124240154,-25.620149604708022
0.8215757282983354,-25.699967777551105
1.1524492502701182,-25.781264876014845
1.481996150692565,-25.864273083937523
1.8102468019189173,-25.949224585157417
2.137231576302305,-26.036351563512792
2.4629808461959684,-26.12588620284193
2.7875249839531095,-26.2180606869831
3.110894361926933,-26.313107199774596
3.433119352470677,-26.41125792505469
3.7542303279374742,-26.512745046661635
4.074257660680563,-26.617800748433734
4.393231723053146,-26.726657214209254
4.711182887408427,-26.839546627826454
5.028141526099645,-26.956701173123655
5.344138011479932,-27.078353033939077
5.659202715902529,-27.20473439411103
5.973366011720635,-27.33607743747778
6.286658274625751,-27.472614221551872
6.599114319194861,-27.614408830183205
6.910782152402558,-27.761026128355585
7.221712220845017,-27.91193866234834
7.53195497111837,-28.066618978440747
7.841560849818764,-28.224539622912115
8.150580303542364,-28.385173142041758
8.459063778885241,-28.54799208210893
8.767061722443572,-28.71246898939296
9.074624580813484,-28.878076410173126
9.38180280059116,-29.044286890728756
9.688646828372661,-29.210572977339112
9.995207110754167,-29.376407216283507
10.301534094331812,-29.541262153841235
10.607678225701733,-29.704610336291594
10.913689951460105,-29.865924309913904
11.219619718202994,-30.024676620987417
11.525517972526576,-30.180339815791456
11.831435161026983,-30.332386440605312
12.13742173030036,-30.480289041708303
12.443528126942876,-30.623520165379713
12.749805400181012,-30.76157025963477
13.056321046828648,-30.894418364431317
13.363160591509159,-31.02257905374328
13.670410478354773,-31.146594216470042
13.97815715149776,-31.267005741511042
14.286487055070284,-31.38435551776563
14.595486633204615,-31.499185434133253
14.90524233003298,-31.612037379513282
15.21584058968762,-31.723453242805142
15.527367856300797,-31.833974912908225
15.83991057400468,-31.94414427872193
16.153555186931534,-32.054503229145666
16.468388139213594,-32.16559365307883
16.784495874983094,-32.277957439420824
17.101964838372297,-32.39213647707107
17.420881473513376,-32.50867265492894
17.74133222453859,-32.628107861893845
18.063403535580175,-32.750983986865194
18.38718185077036,-32.87784291874239
18.712753614241432,-33.00922654642484
19.04020527012553,-33.14567675881192
19.369608338160358,-33.287714415064784
19.700712715243764,-33.435407180474044
20.032958256266262,-33.58838584483537
20.365772208866773,-33.7462634332572
20.69858182068414,-33.90865297084797
21.0308143393573,-34.075167482716125
21.36189701252514,-34.2454199939701
21.691257087826568,-34.419023529718366
22.018321812900517,-34.59559111506934
22.342518435385816,-34.77473577513146
22.6632742029214,-34.95607053501317
22.980016363146174,-35.139208419822914
23.292172163699014,-35.323762454669136
23.599168852218895,-35.509345664660295
23.900433676344612,-35.6955710749048
24.195393883715116,-35.88205171051109
24.483476721969296,-36.06840059658764
24.76410943874606,-36.25423075824286
25.036719281684334,-36.43915522058522
25.300733498422968,-36.62278700872314
25.555579336600882,-36.80473914776507
25.80068404385697,-36.984624662819435
26.035474867830146,-37.162056578994694
26.25937905615932,-37.336647921399305
26.47182385648336,-37.50801171514169
26.672236516441167,-37.675760985330264
26.860044283671655,-37.839508757073496
27.034674405813746,-37.998868055479846
27.195554130506295,-38.15345190565773
27.342110705388222,-38.30287333271558
27.47377137809842,-38.44674536176185
27.58996339627579,-38.584681017904984
27.69011400755926,-38.71629332625344
27.773650459587696,-38.841195311915634
27.84,-38.959
